{"cameraMode":{"drawMode":0,"name":"Shaded","section":"Shading Mode"},"sceneLighting":true,"audioPlay":false,"sceneViewState":{"m_AlwaysRefresh":false,"showFog":true,"showSkybox":true,"showFlares":true,"showImageEffects":true,"showParticleSystems":true,"showVisualEffectGraphs":true,"m_FxEnabled":true},"in2DMode":false,"pivot":{"x":-35.17330551147461,"y":-29.051124572753908,"z":109.52819061279297},"rotation":{"x":-0.14637210965156556,"y":0.14428026974201203,"z":-0.021588513627648355,"w":-0.9784184098243713},"size":696.8880615234375,"orthographic":false}